feature,importance
capital-gain,0.29180229520064044
age,0.21481476300247904
hours-per-week,0.12594136347189983
education_bin_Masters or more,0.11488565875375553
capital-loss,0.10503829940857881
sex_Male,0.076906294483669
education_bin_College to Bachelors,0.04501365433089389
us_citizen,0.007832959715874395
race_White,0.006928729167052499
race_Black,0.006357281615285034
race_Asian-Pac-Islander,0.003255600489633937
race_Other,0.0012231003602377992
